Name,URL
PoE Ninja Currency,https://poe.ninja/economy/standard/currency
PoE Ninja Beasts,https://poe.ninja/economy/standard/beasts
Wealthy Exile Currency Strategies,https://wealthyexile.com/strategies/public
[Pop Out] Flicker Strike Build Guide,https://www.pathofexile.com/forum/view-thread/3472898
Flicker Strike Pobb.in,https://pobb.in/u/Tarekis/9Ugusvhcs_1m
Ascendancy 1 Tree,https://poeplanner.com/b/bR5
Ascendancy 2 Tree,https://poeplanner.com/b/bRR
Ascendancy 3 Tree,https://poeplanner.com/b/bR4
Early End Game Tree,https://poeplanner.com/AwAAAwAhAAYCAF8AZXSX-GAhWUbVwXUU1fDn3U08CGw2jNcZ5r2Vqb3cxbS-ppmP72lp4K06M62HBEdUTjLcyPIMOLTPPnwwRt0Z5Qorr6ygQL8s8ZQaWit_-N4Y7KUp-lZHUecG59u1BdbohPiwMbM6sH2BEWpfv42NDVLU98W_wEjaj12vW9DQTu_1y54TUmHqzSnmJpvxdPX7D-cGR_JdxJ5j69sYp2PXd7dGE14FpHikqX_LpVFJYIb6jywI9wzswlU_hOOtEAAACACDTLOAR5GBdKMzZ7872iAJCwC_BP4RvuMKmQ2GFkZZA0R7nJI2zzt6Uh9jEnOdkX9UvxPd8pijk5R3TFOUEQQAAP______________________AAADAAAAAwD_____________PAAAAAAUAB-LCAAAAAAAAAMDAAAAAAAAAAAA
[Pop Out] Helmet Craft,https://www.craftofexile.com/?b=54&m=essence&e=1245&ob=both&v=d&a=x&l=a&lg=17&bp=y&as=1&hb=0&req={%22661%22:{%22l%22:81,%22g%22:3},%221628%22:{%22l%22:84,%22g%22:2},%222007%22:{%22l%22:51,%22g%22:1},%222008%22:{%22l%22:84,%22g%22:3}}&bld={}&im={}&ggt=|&ccp={}&gvc={%22limit%22:88}&frc=1
[Pop Out] Mageblood Trade Search,https://www.pathofexile.com/trade/search/Standard/5m0gZ7Dsa
[Pop Out] Mageblood Live Trade Search,https://www.pathofexile.com/trade/search/Standard/5m0gZ7Dsa/live